id,Asthma,AlcoholDrinking,Stroke,PhysicalHealth,MentalHealth,DiffWalking,Sex,PhysicalActivity,GenHealth,SleepTime,HeartDisease
1,Yes,No,No,3,30,No,Female,Yes,Very good,5,No
2,No,No,Yes,0,0,No,Female,Yes,Very good,7,No
3,Yes,No,No,20,30,No,Male,Yes,Fair,8,No
4,No,No,No,0,0,No,Female,No,Good,6,No
5,No,No,No,28,0,Yes,Female,Yes,Very good,8,No
6,No,No,No,6,0,Yes,Female,No,Fair,12,Yes
7,Yes,No,No,15,0,No,Female,Yes,Fair,4,No
8,Yes,No,No,5,0,Yes,Female,No,Good,9,No
9,No,No,No,0,0,No,Female,No,Fair,5,No
10,No,No,No,0,0,Yes,Male,Yes,Good,10,No
11,Yes,No,No,30,0,Yes,Male,No,Poor,15,Yes
12,No,No,No,0,0,No,Female,Yes,Very good,5,No
13,No,No,No,0,0,Yes,Male,Yes,Very good,8,No
14,No,No,No,7,0,Yes,Female,No,Good,7,No
15,No,No,No,0,30,Yes,Female,No,Good,5,No
16,No,No,No,1,0,No,Female,Yes,Very good,6,No
17,No,No,No,5,2,No,Female,No,Very good,10,No
18,No,No,No,0,30,Yes,Male,Yes,Good,8,No
19,No,No,No,0,0,Yes,Female,No,Fair,5,No
20,No,No,No,0,0,No,Male,Yes,Excellent,8,No
21,No,No,No,0,0,No,Female,No,Good,8,No
22,No,No,No,2,5,No,Female,No,Very good,7,No
23,No,No,No,0,15,No,Female,Yes,Very good,6,No
24,No,No,No,0,30,No,Male,Yes,Fair,8,No
25,No,No,No,0,0,No,Female,Yes,Very good,6,No
26,Yes,No,No,30,30,Yes,Female,No,Poor,6,No
27,No,No,No,21,8,Yes,Female,Yes,Fair,9,No
28,No,No,No,5,0,No,Male,Yes,Very good,5,No
29,No,No,No,1,0,No,Female,Yes,Very good,7,No
30,No,No,No,0,0,No,Female,No,Good,5,No
31,No,No,No,5,0,No,Male,Yes,Good,8,No
32,Yes,No,No,4,4,Yes,Female,Yes,Fair,8,No
33,No,No,No,30,0,Yes,Male,No,Good,8,No
34,No,No,No,0,5,No,Female,Yes,Very good,9,No
35,No,No,No,0,0,Yes,Female,No,Good,6,No
36,No,No,Yes,10,0,Yes,Male,Yes,Poor,4,Yes
37,No,No,No,5,0,No,Female,Yes,Good,6,No
38,Yes,No,No,3,3,No,Female,Yes,Fair,5,No
39,No,No,No,0,0,No,Female,No,Very good,8,No
40,No,No,No,3,2,No,Female,Yes,Fair,4,No
41,No,No,Yes,0,10,No,Female,No,Very good,8,No
42,No,No,No,0,0,No,Male,Yes,Excellent,8,No
43,No,No,No,0,0,Yes,Female,No,Good,7,Yes
44,No,No,No,6,2,Yes,Female,Yes,Fair,8,Yes
45,No,No,No,30,10,Yes,Male,No,Fair,6,No
46,No,No,No,3,0,No,Female,No,Poor,10,Yes
47,No,No,No,0,0,No,Male,Yes,Very good,8,No
48,No,No,No,5,5,No,Female,Yes,Good,7,No
49,No,No,No,0,0,Yes,Female,No,Fair,7,No
50,No,No,Yes,15,0,No,Male,Yes,Poor,8,No
51,Yes,No,No,0,0,No,Female,Yes,Good,12,No
52,No,No,No,2,0,No,Female,Yes,Very good,7,No
53,No,No,No,2,0,No,Male,Yes,Fair,7,No
54,No,No,No,0,0,No,Female,Yes,Very good,7,No
55,No,No,No,14,0,No,Male,Yes,Very good,9,No
56,No,Yes,No,7,0,No,Female,Yes,Excellent,6,No
57,No,No,No,0,0,No,Male,No,Very good,8,No
58,Yes,No,No,30,0,No,Male,No,Poor,8,No
59,No,No,No,0,0,No,Male,Yes,Good,7,No
60,No,No,Yes,0,0,No,Male,No,Very good,8,No
61,Yes,No,No,0,0,No,Female,Yes,Good,5,No
62,No,No,No,1,0,No,Female,Yes,Excellent,8,No
63,No,No,No,0,0,No,Female,Yes,Very good,6,No
64,No,No,No,0,0,No,Male,Yes,Very good,8,No
65,No,No,No,3,0,No,Female,Yes,Good,8,No
66,No,No,No,20,0,No,Female,Yes,Fair,6,No
67,Yes,No,No,14,0,No,Female,No,Good,7,No
68,No,No,No,0,0,No,Male,Yes,Very good,8,No
69,No,No,No,0,0,No,Male,Yes,Very good,7,No
70,No,No,No,0,0,No,Male,No,Good,6,No
71,Yes,No,No,0,0,No,Female,No,Very good,10,No
72,Yes,No,No,15,0,Yes,Female,No,Good,8,No
73,Yes,No,No,0,5,No,Male,Yes,Good,10,No
74,No,No,No,0,5,No,Female,Yes,Good,6,No
75,No,No,No,3,3,No,Male,Yes,Good,7,No
76,Yes,No,Yes,0,0,No,Male,No,Fair,6,No
77,No,No,No,30,5,No,Female,Yes,Very good,8,No
78,No,No,No,0,0,No,Female,Yes,Good,8,Yes
79,No,No,No,30,30,No,Female,Yes,Poor,9,Yes
80,No,No,No,0,0,No,Female,Yes,Excellent,6,No
81,No,No,No,30,0,Yes,Female,No,Poor,8,No
82,Yes,No,No,18,0,No,Male,Yes,Fair,6,No
83,No,No,No,0,0,No,Female,Yes,Excellent,6,No
84,No,No,No,0,3,Yes,Male,Yes,Good,8,No
85,No,No,No,7,15,No,Female,No,Good,7,No
86,No,No,No,0,5,No,Female,Yes,Excellent,8,No
87,No,No,No,0,0,No,Female,No,Very good,7,No
88,No,No,No,0,3,No,Female,Yes,Good,8,No
89,No,No,No,0,0,Yes,Female,Yes,Good,5,No
90,No,No,No,5,5,No,Female,Yes,Good,8,No
91,No,No,No,30,10,Yes,Female,No,Fair,7,No
92,No,No,No,0,0,No,Female,Yes,Very good,7,No
93,No,No,No,0,0,No,Female,Yes,Very good,8,No
94,No,No,No,0,0,No,Female,Yes,Good,8,No
95,No,No,No,0,0,No,Female,Yes,Excellent,5,No
96,Yes,No,No,0,0,No,Female,Yes,Excellent,7,No
97,No,No,No,0,14,No,Female,Yes,Very good,7,No
98,No,No,No,20,0,No,Female,No,Very good,8,No
99,Yes,No,No,0,0,No,Female,Yes,Very good,7,No
100,No,No,No,0,10,No,Female,Yes,Very good,8,No
101,No,No,No,8,0,No,Female,Yes,Excellent,8,No
102,No,No,No,30,30,Yes,Male,Yes,Fair,8,Yes
103,No,No,No,0,0,No,Female,Yes,Very good,8,No
104,No,No,No,0,0,No,Male,No,Excellent,3,No
105,No,No,No,0,0,No,Male,Yes,Very good,7,No
106,Yes,No,No,30,0,Yes,Male,Yes,Poor,3,No
107,Yes,No,No,6,15,No,Female,No,Fair,10,No
108,Yes,No,No,0,0,No,Female,Yes,Very good,7,No
109,No,No,No,0,0,Yes,Female,Yes,Very good,8,No
110,No,No,No,0,0,No,Male,Yes,Fair,8,No
111,No,No,No,0,0,No,Female,Yes,Good,8,No
112,Yes,No,No,10,4,No,Female,Yes,Fair,8,No
113,No,No,No,3,0,No,Male,Yes,Very good,8,No
114,No,No,No,0,0,No,Female,Yes,Good,7,No
115,No,No,No,2,0,No,Female,Yes,Good,8,No
116,No,No,No,0,30,No,Female,Yes,Good,9,No
117,No,No,No,0,0,No,Female,No,Excellent,10,No
118,No,No,No,0,0,No,Female,No,Very good,7,No
119,No,No,No,0,5,No,Male,Yes,Fair,8,No
120,No,No,No,30,0,No,Female,No,Poor,6,No
121,No,No,No,0,0,No,Female,Yes,Good,6,No
122,No,No,No,30,2,Yes,Female,No,Poor,8,No
123,No,No,No,0,0,No,Female,Yes,Very good,9,No
124,No,No,Yes,0,0,No,Male,Yes,Very good,9,No
125,No,No,No,0,0,No,Female,Yes,Good,8,No
126,No,No,No,3,3,Yes,Female,No,Poor,7,No
127,No,No,No,5,30,No,Male,Yes,Fair,6,No
128,No,No,No,2,0,Yes,Female,No,Fair,4,Yes
129,No,No,No,0,8,No,Female,Yes,Good,6,No
130,No,No,No,2,0,No,Female,Yes,Very good,8,Yes
131,Yes,No,No,25,15,Yes,Female,No,Fair,4,No
132,No,No,No,0,0,No,Female,No,Poor,7,Yes
133,No,No,No,1,2,No,Male,Yes,Excellent,7,No
134,No,No,No,0,0,No,Male,Yes,Fair,5,No
135,No,No,No,0,0,No,Female,Yes,Good,8,No
136,No,No,Yes,0,3,Yes,Female,Yes,Good,9,No
137,No,No,No,15,15,Yes,Male,No,Good,4,No
138,No,No,No,0,0,No,Female,Yes,Very good,8,No
139,No,No,No,4,30,No,Female,Yes,Good,6,No
140,No,No,No,16,20,Yes,Male,No,Good,8,No
141,No,No,No,0,0,No,Male,Yes,Good,6,Yes
142,Yes,No,No,0,0,Yes,Female,Yes,Very good,5,Yes
143,Yes,Yes,Yes,20,20,Yes,Male,No,Fair,7,Yes
144,Yes,No,No,0,0,No,Male,Yes,Good,8,No
145,No,No,No,6,10,Yes,Female,No,Poor,7,No
146,No,No,No,0,0,No,Male,Yes,Good,6,No
147,No,No,No,0,0,No,Female,Yes,Good,7,No
148,No,No,No,0,0,No,Female,Yes,Excellent,9,No
149,Yes,No,No,0,0,No,Male,Yes,Good,8,Yes
150,No,No,No,0,0,No,Female,Yes,Good,7,Yes
151,No,No,No,0,0,No,Male,Yes,Excellent,8,No
152,No,No,No,0,0,No,Female,Yes,Very good,7,No
153,No,No,No,10,3,No,Female,Yes,Fair,8,No
154,No,No,No,0,3,No,Male,Yes,Fair,5,No
155,No,No,No,0,1,No,Female,Yes,Excellent,8,No
156,No,No,No,29,10,Yes,Female,No,Poor,7,No
157,Yes,No,No,3,20,Yes,Female,No,Fair,6,No
158,Yes,No,No,14,0,No,Male,Yes,Good,7,No
159,No,No,No,0,0,No,Male,Yes,Very good,7,No
160,No,No,No,0,0,No,Male,Yes,Excellent,10,No
161,No,No,No,0,10,No,Female,Yes,Good,6,No
162,No,No,No,0,0,No,Female,No,Very good,10,No
163,No,No,No,30,30,Yes,Female,No,Poor,10,Yes
164,No,No,Yes,0,0,No,Female,Yes,Good,7,No
165,No,No,No,0,0,Yes,Female,Yes,Good,7,No
166,Yes,No,No,3,30,Yes,Female,No,Fair,8,Yes
167,No,No,No,30,0,Yes,Male,No,Fair,8,No
168,No,No,No,0,0,No,Female,Yes,Very good,8,No
169,Yes,No,No,2,0,No,Female,Yes,Good,8,No
170,No,No,No,5,0,No,Female,No,Very good,7,No
171,Yes,No,No,2,2,No,Female,Yes,Fair,6,No
172,No,No,No,6,0,Yes,Male,No,Fair,8,No
173,No,No,No,5,3,Yes,Female,Yes,Good,6,No
174,No,No,No,0,0,No,Female,Yes,Very good,8,No
175,No,No,No,0,0,No,Female,Yes,Very good,10,No
176,No,No,No,0,10,No,Female,Yes,Very good,7,No
177,No,Yes,No,0,3,No,Female,No,Good,8,No
178,No,No,No,2,0,No,Male,Yes,Good,6,No
179,No,No,No,0,0,No,Female,Yes,Excellent,7,No
180,No,No,No,0,0,No,Female,No,Good,5,No
181,No,No,No,0,0,No,Female,Yes,Good,7,No
182,No,No,No,5,0,Yes,Female,Yes,Fair,8,Yes
183,No,No,No,0,0,No,Male,No,Excellent,8,No
184,No,No,No,0,0,No,Male,Yes,Good,8,Yes
185,Yes,No,No,7,0,Yes,Male,No,Fair,8,Yes
186,No,No,No,5,0,No,Female,No,Good,7,No
187,No,Yes,No,0,0,No,Male,No,Very good,6,No
188,No,No,No,5,7,No,Female,No,Fair,6,No
189,No,No,No,30,30,Yes,Female,No,Good,8,No
190,No,No,No,0,2,No,Female,Yes,Very good,7,No
191,Yes,No,No,0,0,No,Female,No,Very good,9,No
192,Yes,No,No,0,0,No,Male,Yes,Very good,6,No
193,Yes,No,No,10,0,No,Female,Yes,Very good,6,No
194,No,No,No,0,0,No,Female,Yes,Very good,8,No
195,No,No,No,0,0,No,Female,No,Fair,7,No
196,No,No,No,15,15,Yes,Female,No,Good,10,No
197,Yes,No,No,0,0,No,Female,Yes,Excellent,8,No
198,No,No,No,0,0,Yes,Female,Yes,Very good,8,No
199,No,No,No,0,0,No,Female,Yes,Very good,10,No
200,No,No,No,0,0,No,Female,Yes,Good,8,No
201,No,No,No,1,30,No,Female,Yes,Very good,8,No
202,No,Yes,No,0,0,No,Male,Yes,Very good,4,No
203,No,No,No,0,0,No,Male,Yes,Good,7,No
204,No,No,No,0,0,Yes,Female,Yes,Good,8,No
205,No,No,No,0,0,No,Female,Yes,Good,8,Yes
206,No,No,No,0,0,No,Female,Yes,Very good,7,No
207,No,No,No,20,0,No,Female,Yes,Fair,12,No
208,No,Yes,No,7,0,No,Female,Yes,Very good,8,No
209,No,No,No,1,0,No,Female,Yes,Very good,6,No
210,No,No,No,10,0,Yes,Female,No,Very good,8,No
211,No,No,No,0,0,No,Male,Yes,Fair,8,No
212,No,No,No,0,0,No,Female,Yes,Good,7,No
213,No,No,No,0,0,No,Female,Yes,Very good,6,No
214,No,No,No,0,15,No,Female,No,Good,8,No
215,Yes,No,No,2,3,No,Male,No,Good,10,No
216,No,No,No,2,0,Yes,Female,Yes,Good,9,Yes
217,No,No,No,27,24,Yes,Male,Yes,Poor,5,No
218,No,No,No,10,3,Yes,Male,Yes,Fair,7,Yes
219,No,No,No,14,0,Yes,Female,Yes,Good,8,No
220,Yes,No,No,20,3,Yes,Male,No,Fair,5,No
221,No,No,No,0,0,No,Female,Yes,Excellent,6,No
222,No,No,Yes,0,5,No,Female,No,Good,9,Yes
223,No,No,No,7,0,Yes,Female,No,Fair,6,No
224,No,No,No,0,0,No,Male,Yes,Good,7,No
225,No,No,No,2,0,No,Female,Yes,Good,7,No
226,No,No,No,0,3,No,Female,Yes,Excellent,7,No
227,No,No,No,0,0,No,Male,No,Good,7,No
228,No,No,No,0,0,No,Female,Yes,Very good,8,No
229,No,No,No,2,9,Yes,Female,No,Good,8,No
230,No,No,No,20,20,Yes,Female,No,Poor,7,No
231,No,No,No,1,1,No,Male,Yes,Good,10,No
232,No,No,No,10,15,No,Male,No,Good,5,No
233,Yes,No,Yes,0,0,No,Female,Yes,Good,5,No
234,No,No,No,7,0,No,Female,No,Good,8,No
235,No,No,No,0,0,Yes,Female,Yes,Good,8,Yes
236,No,No,No,0,0,Yes,Male,Yes,Fair,2,No
237,No,No,No,0,0,No,Female,Yes,Good,6,No
238,No,No,No,0,2,No,Female,Yes,Good,9,No
239,No,No,No,0,0,No,Female,Yes,Very good,10,No
240,No,No,No,25,0,Yes,Female,No,Poor,6,No
241,No,No,No,30,15,Yes,Female,No,Fair,7,No
242,No,No,No,0,0,No,Male,Yes,Excellent,7,No
243,No,No,No,8,15,No,Female,Yes,Good,7,No
244,Yes,No,No,1,1,Yes,Female,No,Good,6,Yes
245,No,No,No,0,10,No,Male,No,Good,7,No
246,No,No,No,0,0,No,Male,Yes,Good,7,Yes
247,No,No,No,0,0,No,Female,Yes,Good,8,Yes
248,No,No,No,15,0,Yes,Male,No,Poor,4,Yes
249,No,No,No,0,0,No,Female,Yes,Fair,8,No
